---------------------------------------------------------------------------------------------------------------------------------------------------------------------------------------------------------------------------------------------------------------------------------------------------------------------------------------CREATING TABLES-----------------------------------------------------------------------------------------------------------------------------------------------------------------------------------------------------------------------------------------------------------------------------------------------------------------------------------CREATE TABLE CUSTOMERS(	CUSTOMER_ID INT PRIMARY KEY,	FIRST_NAME VARCHAR2(20) ,	LAST_NAME VARCHAR2(20) ,	    GENDER  VARCHAR2(20) CHECK (GENDER IN ('Male','Female','Other')),			CUSTOMER_EMAIL VARCHAR2(20) ,	    CUSTOMER_PHONE VARCHAR2(20) ,	PREMIUM NUMBER(1) 	);CREATE TABLE EMPLOYEES(    EMPLOYEE_ID INT PRIMARY KEY,    FIRST_NAME VARCHAR2(20) ,    LAST_NAME VARCHAR2(20) ,    GENDER  VARCHAR2(20) CHECK (GENDER IN ('Male','Female','Other')),    EMPLOYEE_EMAIL VARCHAR2(30) ,    EMPLOYEE_PHONE VARCHAR2(20) ,    SALARY NUMBER,    PROVISION INT );CREATE TABLE SUPPLIERS(	SUPPLIER_ID INT PRIMARY KEY NOT NULL,    SUPPLIER_NAME VARCHAR2(20),	SUPPLIER_COUNTRY VARCHAR2(20)	);CREATE TABLE PRODUCTS(	PRODUCT_ID INT PRIMARY KEY NOT NULL,	SUPPLIER_ID INT NOT NULL,    CRYSTAL_NAME VARCHAR2(20),    price_per_gram INT,    colour VARCHAR2(20),        CONSTRAINT FK1 FOREIGN KEY (SUPPLIER_ID) REFERENCES SUPPLIERS(SUPPLIER_ID));CREATE TABLE ORDERS(	ORDER_ID INT PRIMARY KEY NOT NULL,	PRODUCT_ID INT NOT NULL,	CUSTOMER_ID INT NOT NULL,	    EMPLOYEE_ID INT NOT NULL,	ORDER_DATE DATE,    PRODUCT_WEIGHT INT,    PRICE INT,		CONSTRAINT FK2 FOREIGN KEY (PRODUCT_ID) REFERENCES PRODUCTS(PRODUCT_ID),	CONSTRAINT FK3 FOREIGN KEY (CUSTOMER_ID) REFERENCES CUSTOMERS(CUSTOMER_ID),    CONSTRAINT FK4 FOREIGN KEY (EMPLOYEE_ID) REFERENCES EMPLOYEES(EMPLOYEE_ID));-----------------------------------------------------------------------------------------------------------------------------------------------------------------------------------------------------------------------------------------------------------------------------------------------------------------------------INSERTING INTO TABLES--------------------------------------------------------------------------------------------------------------------------------------------------------------------------------------------------------------------------------------------------------------------------------------------------------------INSERT INTO suppliers VALUES (1, 'Rockwell Diamonds', 'Canada');INSERT INTO suppliers VALUES (2, 'Anglo American plc', 'United Kingdom');INSERT INTO suppliers VALUES (3, 'Gem Diamonds', 'United Kingdom');INSERT INTO suppliers VALUES (4, 'Petra Diamonds', 'United States');INSERT INTO suppliers VALUES (5, 'Lucara', 'Canada');INSERT INTO suppliers VALUES (6, 'Dominion', 'Canada');INSERT INTO suppliers VALUES (7, 'Debswana', 'Botswana');INSERT INTO suppliers VALUES (8, 'Rio-Tinto', 'Australia');INSERT INTO suppliers VALUES (9, 'Alrosa', 'Russia');INSERT INTO suppliers VALUES (10, 'De Beers', 'United Kingdom');INSERT INTO products VALUES (1, 1, 'Diamond', 50000, 'White');INSERT INTO products VALUES (2, 2, 'Emerald', 10000, 'Green');INSERT INTO products VALUES (3, 3, 'Opal', 8000, 'Blue');INSERT INTO products VALUES (4, 4, 'Ruby', 20000, 'Red');INSERT INTO products VALUES (5, 5, 'Sapphire', 9000, 'Blue');INSERT INTO products VALUES (6, 6, 'Spinel', 6000, 'Red');INSERT INTO products VALUES (7, 7, 'Topaz', 12000, 'White');INSERT INTO products VALUES (8, 8, 'Amber', 7000, 'Orange');INSERT INTO products VALUES (9, 9, 'Amethyst', 18000, 'Purple');INSERT INTO products VALUES (10, 10, 'Beryl', 14000, 'Blue');INSERT INTO products VALUES (11, 1, 'Calcite', 1000, 'White');INSERT INTO products VALUES (12, 2, 'Citrine', 16000, 'Yellow');INSERT INTO products VALUES (13, 3, 'Fluorite', 8000, 'White');INSERT INTO products VALUES (14, 4, 'Garnet', 11000, 'Red');INSERT INTO products VALUES (15, 5, 'Jadeite', 13000, 'Green');INSERT INTO products VALUES (16, 6, 'Lapis Lazuli', 15000, 'Blue');INSERT INTO products VALUES (17, 1, 'Malachite', 20000, 'Green');INSERT INTO products VALUES (18, 2, 'Obsidian', 15000, 'Black');INSERT INTO products VALUES (19, 3, 'Onyx', 10000, 'Black');INSERT INTO products VALUES (20, 1, 'Quartz', 6000, 'White');insert into EMPLOYEES (employee_id, first_name, last_name, gender, employee_email, employee_phone, salary, provision) 	VALUES (1, 'Des', 'Kilbane', 'Male', 'dkilbane0@ftc.gov', '860-269-219', 8421, 28);insert into EMPLOYEES (employee_id, first_name, last_name, gender, employee_email, employee_phone, salary, provision) 	VALUES (2, 'Valdemar', 'Simonson', 'Male', 'vsimonson1@unc.edu', '438-514-925', 6170, 13);insert into EMPLOYEES (employee_id, first_name, last_name, gender, employee_email, employee_phone, salary, provision) 	VALUES (3, 'Augustina', 'Fancott', 'Female', 'afancott2@nymag.com', '124-401-583', 11219, 5);insert into EMPLOYEES (employee_id, first_name, last_name, gender, employee_email, employee_phone, salary, provision) 	VALUES (4, 'Cordelie', 'Hinchon', 'Female', 'chinchon3@hubpages.com', '229-358-677', 9175, 23);insert into EMPLOYEES (employee_id, first_name, last_name, gender, employee_email, employee_phone, salary, provision) 	VALUES (5, 'Barbra', 'Greenley', 'Female', 'bgreenley4@shinystat.com', '242-610-503', 9690, 5);insert into EMPLOYEES (employee_id, first_name, last_name, gender, employee_email, employee_phone, salary, provision) 	VALUES (6, 'Cybil', 'Fouch', 'Female', 'cfouch5@parallels.com', '902-779-839', 10205, 24);insert into EMPLOYEES (employee_id, first_name, last_name, gender, employee_email, employee_phone, salary, provision) 	VALUES (7, 'Cassandra', 'Grass', 'Female', 'cgrass6@sakura.ne.jp', '170-278-573', 7238, 8);insert into EMPLOYEES (employee_id, first_name, last_name, gender, employee_email, employee_phone, salary, provision) 	VALUES (8, 'Billie', 'Khomishin', 'Other', 'bkhomishin7@comcast.net', '436-604-383', 6299, 16);insert into EMPLOYEES (employee_id, first_name, last_name, gender, employee_email, employee_phone, salary, provision) 	VALUES (9, 'Miriam', 'Macewan', 'Other', 'mmacewan8@gov.uk', '708-852-376', 9993, 27);insert into EMPLOYEES (employee_id, first_name, last_name, gender, employee_email, employee_phone, salary, provision) 	VALUES (10, 'Daphna', 'Pendre', 'Female', 'dpendre9@tuttocitta.it', '800-930-162', 9482, 11);insert into EMPLOYEES (employee_id, first_name, last_name, gender, employee_email, employee_phone, salary, provision) 	VALUES (11, 'Bradford', 'Hatchett', 'Male', 'bhatchetta@dagondesign.com', '601-100-130', 9274, 19);insert into EMPLOYEES (employee_id, first_name, last_name, gender, employee_email, employee_phone, salary, provision) 	VALUES (12, 'Justin', 'Vasyagin', 'Male', 'jvasyaginb@slate.com', '404-442-478', 10071, 25);insert into EMPLOYEES (employee_id, first_name, last_name, gender, employee_email, employee_phone, salary, provision) 	VALUES (13, 'Gaile', 'Swaisland', 'Male', 'gswaislandc@virginia.edu', '798-141-005', 12373, 11);insert into EMPLOYEES (employee_id, first_name, last_name, gender, employee_email, employee_phone, salary, provision) 	VALUES (14, 'Catherina', 'Rawson', 'Female', 'crawsond@reuters.com', '144-416-396', 8987, 21);insert into EMPLOYEES (employee_id, first_name, last_name, gender, employee_email, employee_phone, salary, provision) 	VALUES (15, 'Regen', 'Mainwaring', 'Male', 'rmainwaringe@quantcast.com', '611-273-772', 7485, 9);insert into EMPLOYEES (employee_id, first_name, last_name, gender, employee_email, employee_phone, salary, provision) 	VALUES (16, 'Shepperd', 'Ferie', 'Male', 'sferief@soundcloud.com', '515-375-418', 6502, 6);insert into EMPLOYEES (employee_id, first_name, last_name, gender, employee_email, employee_phone, salary, provision) 	VALUES (17, 'Florrie', 'Lilleman', 'Female', 'flillemang@intel.com', '665-737-177', 8836, 13);insert into EMPLOYEES (employee_id, first_name, last_name, gender, employee_email, employee_phone, salary, provision) 	VALUES (18, 'Farlay', 'Crowcum', 'Male', 'fcrowcumh@google.it', '483-904-765', 7785, 20);insert into EMPLOYEES (employee_id, first_name, last_name, gender, employee_email, employee_phone, salary, provision) 	VALUES (19, 'Dore', 'Bowery', 'Other', 'dboweryi@4shared.com', '947-920-769', 9167, 17);insert into EMPLOYEES (employee_id, first_name, last_name, gender, employee_email, employee_phone, salary, provision) 	VALUES (20, 'Jeddy', 'Thurgood', 'Male', 'jthurgoodj@theatlantic.com', '153-319-108', 6337, 26);insert into EMPLOYEES (employee_id, first_name, last_name, gender, employee_email, employee_phone, salary, provision) 	VALUES (21, 'Inger', 'Baddam', 'Male', 'ibaddamk@blogger.com', '495-952-317', 8297, 9);insert into EMPLOYEES (employee_id, first_name, last_name, gender, employee_email, employee_phone, salary, provision) 	VALUES (22, 'Lavinia', 'Bowkley', 'Female', 'lbowkleyl@shareasale.com', '906-784-008', 3861, 20);insert into EMPLOYEES (employee_id, first_name, last_name, gender, employee_email, employee_phone, salary, provision) 	VALUES (23, 'Xenia', 'Ainscow', 'Female', 'xainscowm@nature.com', '315-295-690', 5260, 11);insert into EMPLOYEES (employee_id, first_name, last_name, gender, employee_email, employee_phone, salary, provision) 	VALUES (24, 'Yehudi', 'Mawer', 'Male', 'ymawern@techcrunch.com', '235-278-756', 10954, 15);insert into EMPLOYEES (employee_id, first_name, last_name, gender, employee_email, employee_phone, salary, provision) 	VALUES (25, 'Durward', 'Broadwood', 'Male', 'dbroadwoodo@squidoo.com', '898-236-859', 8771, 27);insert into EMPLOYEES (employee_id, first_name, last_name, gender, employee_email, employee_phone, salary, provision) 	VALUES (26, 'Sharleen', 'Waiton', 'Female', 'swaitonp@state.tx.us', '847-685-458', 5892, 9);insert into EMPLOYEES (employee_id, first_name, last_name, gender, employee_email, employee_phone, salary, provision) 	VALUES (27, 'Holly', 'Guisby', 'Male', 'hguisbyq@wired.com', '319-990-313', 10984, 19);insert into EMPLOYEES (employee_id, first_name, last_name, gender, employee_email, employee_phone, salary, provision) 	VALUES (28, 'Waverley', 'Schach', 'Male', 'wschachr@mtv.com', '429-694-749', 11138, 15);insert into EMPLOYEES (employee_id, first_name, last_name, gender, employee_email, employee_phone, salary, provision) 	VALUES (29, 'Jacquenetta', 'Burhill', 'Female', 'jburhills@shop-pro.jp', '295-432-239', 7991, 15);insert into EMPLOYEES (employee_id, first_name, last_name, gender, employee_email, employee_phone, salary, provision) 	VALUES (30, 'Lorelle', 'Bloodworth', 'Female', 'lbloodwt@theglobail.com', '289-763-860', 5604, 27);INSERT INTO CUSTOMERS (customer_id, first_name, last_name, gender, customer_email, customer_phone, premium) VALUES (1, 'Mathew', 'Jahnig', 'Male', 'mjahnig0@pagso.fr', '532-269-393', 1);INSERT INTO customers (customer_id, first_name, last_name, gender, customer_email, customer_phone, premium) VALUES (2, 'Bengt', 'Tennock', 'Male', 'btennock1@gtar.com', '733-935-308', 0);INSERT INTO customers (customer_id, first_name, last_name, gender, customer_email, customer_phone, premium) VALUES (3, 'Sheff', 'Pollington', 'Male', 'spollington2@irs.gov', '278-418-763', 1);INSERT INTO customers (customer_id, first_name, last_name, gender, customer_email, customer_phone, premium) VALUES (4, 'Dollie', 'Andretti', 'Other', 'dai3@reuters.com', '535-951-422', 0);INSERT INTO customers (customer_id, first_name, last_name, gender, customer_email, customer_phone, premium) VALUES (5, 'Arman', 'Lyons', 'Male', 'alyons4@re.com', '882-728-897', 0);INSERT INTO customers (customer_id, first_name, last_name, gender, customer_email, customer_phone, premium) VALUES (6, 'Allene', 'Abbet', 'Female', 'aabbet5@liage.com', '414-593-313', 1);INSERT INTO customers (customer_id, first_name, last_name, gender, customer_email, customer_phone, premium) VALUES (7, 'Edythe', 'O''Heneghan', 'Female', 'eohn6@gmpg.org', '193-872-736', 1);INSERT INTO customers (customer_id, first_name, last_name, gender, customer_email, customer_phone, premium) VALUES (8, 'Murdock', 'Hunnaball', 'Male', 'mhll7@t.co', '124-611-892', 1);INSERT INTO customers (customer_id, first_name, last_name, gender, customer_email, customer_phone, premium) VALUES (9, 'Mickie', 'Van Schafflaer', 'Male', 'mvans8@webs.com', '376-260-843', 0);INSERT INTO customers (customer_id, first_name, last_name, gender, customer_email, customer_phone, premium) VALUES (10, 'Bo', 'Slayton', 'Male', 'bslan9@ted.com', '916-597-919', 0);INSERT INTO customers (customer_id, first_name, last_name, gender, customer_email, customer_phone, premium) VALUES (11, 'Sumner', 'Ruvel', 'Male', 'sruvela@sbwire.com', '246-779-772', 0);INSERT INTO customers (customer_id, first_name, last_name, gender, customer_email, customer_phone, premium) VALUES (12, 'Quint', 'Barnson', 'Male', 'qbarb@harvard.edu', '691-354-789', 1);INSERT INTO customers (customer_id, first_name, last_name, gender, customer_email, customer_phone, premium) VALUES (13, 'Devin', 'MacAnulty', 'Male', 'dmactyc@ibm.com', '551-171-680', 1);INSERT INTO customers (customer_id, first_name, last_name, gender, customer_email, customer_phone, premium) VALUES (14, 'Rosene', 'Balfour', 'Female', 'rbalrd@parse.fr', '375-955-758', 0);INSERT INTO customers (customer_id, first_name, last_name, gender, customer_email, customer_phone, premium) VALUES (15, 'Duffie', 'Isselee', 'Male', 'disseleee@about.com', '590-715-352', 1);INSERT INTO customers (customer_id, first_name, last_name, gender, customer_email, customer_phone, premium) VALUES (16, 'Malinde', 'Rushbury', 'Female', 'mruryf@google.co.uk', '157-735-815', 0);INSERT INTO customers (customer_id, first_name, last_name, gender, customer_email, customer_phone, premium) VALUES (17, 'Kareem', 'Brass', 'Male', 'kbra@dion.ne.jp', '615-174-320', 1);INSERT INTO customers (customer_id, first_name, last_name, gender, customer_email, customer_phone, premium) VALUES (18, 'Bessy', 'Garner', 'Female', 'bgah@goo.gl', '914-591-273', 1);INSERT INTO customers (customer_id, first_name, last_name, gender, customer_email, customer_phone, premium) VALUES (19, 'Adelbert', 'Tawn', 'Male', 'atawni@over-blog.com', '228-889-611', 1);INSERT INTO customers (customer_id, first_name, last_name, gender, customer_email, customer_phone, premium) VALUES (20, 'Joan', 'Carreck', 'Female', 'jcar@vine.com', '547-594-285', 0);INSERT INTO ORDERS(ORDER_ID,PRODUCT_ID,CUSTOMER_ID,EMPLOYEE_ID,ORDER_DATE,PRODUCT_WEIGHT) VALUES (1,6,18,30,'28-Jan-2022',9); INSERT INTO ORDERS(ORDER_ID,PRODUCT_ID,CUSTOMER_ID,EMPLOYEE_ID,ORDER_DATE,PRODUCT_WEIGHT) VALUES (2,15,2,17,'30-Mar-2022',10); INSERT INTO ORDERS(ORDER_ID,PRODUCT_ID,CUSTOMER_ID,EMPLOYEE_ID,ORDER_DATE,PRODUCT_WEIGHT) VALUES (3,4,3,18,'24-Mar-2022',1); INSERT INTO ORDERS(ORDER_ID,PRODUCT_ID,CUSTOMER_ID,EMPLOYEE_ID,ORDER_DATE,PRODUCT_WEIGHT) VALUES (4,20,2,29,'11-Oct-2021',3); INSERT INTO ORDERS(ORDER_ID,PRODUCT_ID,CUSTOMER_ID,EMPLOYEE_ID,ORDER_DATE,PRODUCT_WEIGHT) VALUES (5,17,5,5,'22-Apr-2022',3); INSERT INTO ORDERS(ORDER_ID,PRODUCT_ID,CUSTOMER_ID,EMPLOYEE_ID,ORDER_DATE,PRODUCT_WEIGHT) VALUES (6,17,3,17,'19-Dec-2021',5); INSERT INTO ORDERS(ORDER_ID,PRODUCT_ID,CUSTOMER_ID,EMPLOYEE_ID,ORDER_DATE,PRODUCT_WEIGHT) VALUES (7,2,7,8,'18-Mar-2022',1); INSERT INTO ORDERS(ORDER_ID,PRODUCT_ID,CUSTOMER_ID,EMPLOYEE_ID,ORDER_DATE,PRODUCT_WEIGHT) VALUES (8,10,17,23,'10-Nov-2021',7); INSERT INTO ORDERS(ORDER_ID,PRODUCT_ID,CUSTOMER_ID,EMPLOYEE_ID,ORDER_DATE,PRODUCT_WEIGHT) VALUES (9,12,12,10,'16-Jan-2022',7); INSERT INTO ORDERS(ORDER_ID,PRODUCT_ID,CUSTOMER_ID,EMPLOYEE_ID,ORDER_DATE,PRODUCT_WEIGHT) VALUES (10,19,12,1,'04-Dec-2021',4); INSERT INTO ORDERS(ORDER_ID,PRODUCT_ID,CUSTOMER_ID,EMPLOYEE_ID,ORDER_DATE,PRODUCT_WEIGHT) VALUES (11,15,13,18,'18-Dec-2021',2); INSERT INTO ORDERS(ORDER_ID,PRODUCT_ID,CUSTOMER_ID,EMPLOYEE_ID,ORDER_DATE,PRODUCT_WEIGHT) VALUES (12,15,7,7,'14-Dec-2021',8); INSERT INTO ORDERS(ORDER_ID,PRODUCT_ID,CUSTOMER_ID,EMPLOYEE_ID,ORDER_DATE,PRODUCT_WEIGHT) VALUES (13,18,7,15,'04-May-2022',9); INSERT INTO ORDERS(ORDER_ID,PRODUCT_ID,CUSTOMER_ID,EMPLOYEE_ID,ORDER_DATE,PRODUCT_WEIGHT) VALUES (14,1,4,7,'02-Jan-2022',3); INSERT INTO ORDERS(ORDER_ID,PRODUCT_ID,CUSTOMER_ID,EMPLOYEE_ID,ORDER_DATE,PRODUCT_WEIGHT) VALUES (15,12,19,17,'28-Feb-2022',1); INSERT INTO ORDERS(ORDER_ID,PRODUCT_ID,CUSTOMER_ID,EMPLOYEE_ID,ORDER_DATE,PRODUCT_WEIGHT) VALUES (16,16,2,22,'07-Oct-2021',8); INSERT INTO ORDERS(ORDER_ID,PRODUCT_ID,CUSTOMER_ID,EMPLOYEE_ID,ORDER_DATE,PRODUCT_WEIGHT) VALUES (17,17,5,1,'10-Dec-2021',10); INSERT INTO ORDERS(ORDER_ID,PRODUCT_ID,CUSTOMER_ID,EMPLOYEE_ID,ORDER_DATE,PRODUCT_WEIGHT) VALUES (18,8,16,30,'16-Nov-2021',8); INSERT INTO ORDERS(ORDER_ID,PRODUCT_ID,CUSTOMER_ID,EMPLOYEE_ID,ORDER_DATE,PRODUCT_WEIGHT) VALUES (19,6,16,7,'16-Feb-2022',8); INSERT INTO ORDERS(ORDER_ID,PRODUCT_ID,CUSTOMER_ID,EMPLOYEE_ID,ORDER_DATE,PRODUCT_WEIGHT) VALUES (20,18,1,17,'28-Dec-2021',2); INSERT INTO ORDERS(ORDER_ID,PRODUCT_ID,CUSTOMER_ID,EMPLOYEE_ID,ORDER_DATE,PRODUCT_WEIGHT) VALUES (21,11,2,24,'06-Apr-2022',2); INSERT INTO ORDERS(ORDER_ID,PRODUCT_ID,CUSTOMER_ID,EMPLOYEE_ID,ORDER_DATE,PRODUCT_WEIGHT) VALUES (22,14,3,30,'10-Apr-2022',5); INSERT INTO ORDERS(ORDER_ID,PRODUCT_ID,CUSTOMER_ID,EMPLOYEE_ID,ORDER_DATE,PRODUCT_WEIGHT) VALUES (23,10,19,24,'08-Nov-2021',10); INSERT INTO ORDERS(ORDER_ID,PRODUCT_ID,CUSTOMER_ID,EMPLOYEE_ID,ORDER_DATE,PRODUCT_WEIGHT) VALUES (24,16,15,16,'19-Oct-2021',6); INSERT INTO ORDERS(ORDER_ID,PRODUCT_ID,CUSTOMER_ID,EMPLOYEE_ID,ORDER_DATE,PRODUCT_WEIGHT) VALUES (25,20,8,30,'14-Apr-2022',2); INSERT INTO ORDERS(ORDER_ID,PRODUCT_ID,CUSTOMER_ID,EMPLOYEE_ID,ORDER_DATE,PRODUCT_WEIGHT) VALUES (26,1,7,26,'29-Oct-2021',4); INSERT INTO ORDERS(ORDER_ID,PRODUCT_ID,CUSTOMER_ID,EMPLOYEE_ID,ORDER_DATE,PRODUCT_WEIGHT) VALUES (27,13,1,6,'25-Feb-2022',7); INSERT INTO ORDERS(ORDER_ID,PRODUCT_ID,CUSTOMER_ID,EMPLOYEE_ID,ORDER_DATE,PRODUCT_WEIGHT) VALUES (28,13,9,20,'13-Jan-2022',9); INSERT INTO ORDERS(ORDER_ID,PRODUCT_ID,CUSTOMER_ID,EMPLOYEE_ID,ORDER_DATE,PRODUCT_WEIGHT) VALUES (29,16,4,29,'08-Dec-2021',9); INSERT INTO ORDERS(ORDER_ID,PRODUCT_ID,CUSTOMER_ID,EMPLOYEE_ID,ORDER_DATE,PRODUCT_WEIGHT) VALUES (30,5,3,13,'17-Mar-2022',1); INSERT INTO ORDERS(ORDER_ID,PRODUCT_ID,CUSTOMER_ID,EMPLOYEE_ID,ORDER_DATE,PRODUCT_WEIGHT) VALUES (31,10,7,25,'11-Jan-2022',5); INSERT INTO ORDERS(ORDER_ID,PRODUCT_ID,CUSTOMER_ID,EMPLOYEE_ID,ORDER_DATE,PRODUCT_WEIGHT) VALUES (32,9,4,6,'18-Feb-2022',1); INSERT INTO ORDERS(ORDER_ID,PRODUCT_ID,CUSTOMER_ID,EMPLOYEE_ID,ORDER_DATE,PRODUCT_WEIGHT) VALUES (33,11,15,21,'05-Jan-2022',3); INSERT INTO ORDERS(ORDER_ID,PRODUCT_ID,CUSTOMER_ID,EMPLOYEE_ID,ORDER_DATE,PRODUCT_WEIGHT) VALUES (34,2,13,5,'18-Apr-2022',7); INSERT INTO ORDERS(ORDER_ID,PRODUCT_ID,CUSTOMER_ID,EMPLOYEE_ID,ORDER_DATE,PRODUCT_WEIGHT) VALUES (35,12,5,9,'13-Nov-2021',2); INSERT INTO ORDERS(ORDER_ID,PRODUCT_ID,CUSTOMER_ID,EMPLOYEE_ID,ORDER_DATE,PRODUCT_WEIGHT) VALUES (36,7,9,12,'03-Dec-2021',9); INSERT INTO ORDERS(ORDER_ID,PRODUCT_ID,CUSTOMER_ID,EMPLOYEE_ID,ORDER_DATE,PRODUCT_WEIGHT) VALUES (37,5,8,9,'19-Jan-2022',10); INSERT INTO ORDERS(ORDER_ID,PRODUCT_ID,CUSTOMER_ID,EMPLOYEE_ID,ORDER_DATE,PRODUCT_WEIGHT) VALUES (38,14,6,23,'09-Jan-2022',4); INSERT INTO ORDERS(ORDER_ID,PRODUCT_ID,CUSTOMER_ID,EMPLOYEE_ID,ORDER_DATE,PRODUCT_WEIGHT) VALUES (39,4,4,1,'27-Apr-2022',3); INSERT INTO ORDERS(ORDER_ID,PRODUCT_ID,CUSTOMER_ID,EMPLOYEE_ID,ORDER_DATE,PRODUCT_WEIGHT) VALUES (40,19,11,11,'16-Oct-2021',1); INSERT INTO ORDERS(ORDER_ID,PRODUCT_ID,CUSTOMER_ID,EMPLOYEE_ID,ORDER_DATE,PRODUCT_WEIGHT) VALUES (41,4,11,18,'17-Jan-2022',1); INSERT INTO ORDERS(ORDER_ID,PRODUCT_ID,CUSTOMER_ID,EMPLOYEE_ID,ORDER_DATE,PRODUCT_WEIGHT) VALUES (42,5,10,20,'29-Jan-2022',7); INSERT INTO ORDERS(ORDER_ID,PRODUCT_ID,CUSTOMER_ID,EMPLOYEE_ID,ORDER_DATE,PRODUCT_WEIGHT) VALUES (43,16,16,14,'06-Nov-2021',2); INSERT INTO ORDERS(ORDER_ID,PRODUCT_ID,CUSTOMER_ID,EMPLOYEE_ID,ORDER_DATE,PRODUCT_WEIGHT) VALUES (44,2,20,23,'09-Nov-2021',8); INSERT INTO ORDERS(ORDER_ID,PRODUCT_ID,CUSTOMER_ID,EMPLOYEE_ID,ORDER_DATE,PRODUCT_WEIGHT) VALUES (45,15,18,26,'17-Dec-2021',1); INSERT INTO ORDERS(ORDER_ID,PRODUCT_ID,CUSTOMER_ID,EMPLOYEE_ID,ORDER_DATE,PRODUCT_WEIGHT) VALUES (46,7,12,15,'26-Nov-2021',1); INSERT INTO ORDERS(ORDER_ID,PRODUCT_ID,CUSTOMER_ID,EMPLOYEE_ID,ORDER_DATE,PRODUCT_WEIGHT) VALUES (47,16,12,30,'30-Mar-2022',4); INSERT INTO ORDERS(ORDER_ID,PRODUCT_ID,CUSTOMER_ID,EMPLOYEE_ID,ORDER_DATE,PRODUCT_WEIGHT) VALUES (48,13,1,3,'26-Feb-2022',6); INSERT INTO ORDERS(ORDER_ID,PRODUCT_ID,CUSTOMER_ID,EMPLOYEE_ID,ORDER_DATE,PRODUCT_WEIGHT) VALUES (49,2,10,17,'22-Dec-2021',7); INSERT INTO ORDERS(ORDER_ID,PRODUCT_ID,CUSTOMER_ID,EMPLOYEE_ID,ORDER_DATE,PRODUCT_WEIGHT) VALUES (50,11,11,1,'06-Apr-2022',9);-----OBLICZANIE CENY-----------------------------------CREATE OR REPLACE FUNCTION CALCULATE_ORDER_PRICE(WEIGHT in orders.product_weight%TYPE, PRICE IN products.price_per_gram%TYPE)RETURN ORDERS.price%TYPEISRET ORDERS.price%TYPE := 0;BEGIN    IF(WEIGHT > 0 AND PRICE > 0) THEN        RET := WEIGHT*PRICE;    END IF;    RETURN RET;END;--PROCEDURA DO USTAWIENIA CENY PO INSERTOWANIU------CREATE OR REPLACE PROCEDURE OCSISP_P_G PRODUCTS.price_per_gram%TYPE;PREMIUM_DISCOUNT NUMBER:=1;IF_PREM CUSTOMERS.PREMIUM%TYPE;CURSOR ORD IS SELECT PRODUCT_ID,ORDER_ID,PRODUCT_WEIGHT,CUSTOMER_ID FROM ORDERS;BEGIN    FOR OS IN ORD    LOOP    SELECT price_per_gram INTO P_P_G FROM PRODUCTS WHERE PRODUCT_ID=OS.PRODUCT_ID;    SELECT PREMIUM INTO IF_PREM FROM CUSTOMERS WHERE CUSTOMER_ID = OS.CUSTOMER_ID;    IF(IF_PREM=1) THEN        PREMIUM_DISCOUNT:= 0.95;    END IF;    UPDATE ORDERS    SET PRICE=CALCULATE_ORDER_PRICE(OS.PRODUCT_WEIGHT,P_P_G) * PREMIUM_DISCOUNT    WHERE ORDER_ID=OS.ORDER_ID;    END LOOP;END;-----------------------------------------------------------------------------------------------------------------------------------------------------------------------------------------------------------------------------------------------------------------------------------------------------------------------------FUNCTIONS-----------------------------------------------------------------------------------------------------------------------------------------------------------------------------------------------------------------------------------------------------------------------------------------------------------------------------------------------------------------------------------------FUN 1------------------------------------------------------------CREATE OR REPLACE FUNCTION CALCULATE_ORDER_PRICE(WEIGHT in orders.product_weight%TYPE, PRICE IN products.price_per_gram%TYPE)RETURN ORDERS.price%TYPEISRET ORDERS.price%TYPE := 0;BEGIN    IF(WEIGHT > 0 AND PRICE > 0) THEN        RET := WEIGHT*PRICE;    END IF;    RETURN RET;END;---------------------------------------------------------------FUN 2------------------------------------------------------------CREATE OR REPLACE FUNCTION emp_income(E_ID employees.employee_id%TYPE)RETURN numberIS    invalid_id EXCEPTION;    amount number;    total_income number :=0;    provision_pct number;BEGIN    SELECT COUNT(employee_id) INTO amount FROM employees WHERE employee_id = E_ID;        IF amount != 1         THEN RAISE invalid_id;    END IF;        SELECT provision INTO provision_pct FROM employees WHERE employee_id = E_ID;    provision_pct := provision_pct /100;        FOR ord IN (SELECT price FROM orders WHERE employee_id = E_ID)    LOOP        total_income := total_income + ord.price * provision_pct;    END LOOP;    RETURN total_income;EXCEPTION        WHEN invalid_id THEN dbms_output.put_line('no such employee');    RETURN -1;END;-----------------------------------------------------------------------------------------------------------------------------------------------------------------------------------------------------------------------------------------------------------------------------------------------------------------------------PROCEDURES----------------------------------------------------------------------------------------------------------------------------------------------------------------------------------------------------------------------------------------------------------------------------------------------------------------------------------1.PROC-----------------------------------------------------------------------------------------------------------------CREATE OR REPLACE PROCEDURE ADD_ORDER(C_ID IN customers.customer_id%TYPE, E_ID IN employees.employee_id%TYPE, P_ID IN products.product_id%TYPE, P_WEIGHT IN orders.product_weight%TYPE)ISPRICE orders.price%TYPE;IF_PREM CUSTOMERS.PREMIUM%TYPE;PREMIUM_DISCOUNT NUMBER:=1;FLAG NUMBER:=0;PER_G_PRICE PRODUCTS.price_per_gram%TYPE;CURSOR EMPS IS SELECT EMPLOYEE_ID FROM EMPLOYEES;CURSOR CUSTOMS IS SELECT CUSTOMER_ID FROM CUSTOMERS;CURSOR PRODUCS IS SELECT PRODUCT_ID FROM PRODUCTS;NO_E EXCEPTION;NO_P EXCEPTION;NO_C EXCEPTION;BEGIN    FOR EP IN EMPS    LOOP        IF(EP.EMPLOYEE_ID = E_ID) THEN            FLAG:=1;        END IF;    END LOOP;    IF(FLAG=0) THEN        RAISE NO_E;    END IF;    FLAG:=0;    FOR CU IN CUSTOMS    LOOP        IF(CU.CUSTOMER_ID = C_ID) THEN            FLAG:=1;        END IF;    END LOOP;    IF(FLAG=0) THEN        RAISE NO_C;    END IF;    FLAG:=0;    FOR PR IN PRODUCS    LOOP        IF(PR.PRODUCT_ID = P_ID) THEN            FLAG:=1;        END IF;    END LOOP;    IF(FLAG=0) THEN        RAISE NO_P;    END IF;        SELECT PREMIUM INTO IF_PREM FROM CUSTOMERS WHERE CUSTOMER_ID = C_ID;    SELECT price_per_gram INTO PER_G_PRICE FROM PRODUCTS WHERE PRODUCT_ID=P_ID;        IF(IF_PREM=1) THEN        PREMIUM_DISCOUNT:= 0.95;    END IF;        PRICE:= CALCULATE_ORDER_PRICE(P_WEIGHT,PER_G_PRICE) * PREMIUM_DISCOUNT;    INSERT INTO ORDERS VALUES ( ORDERS_SEQ.nextval , P_ID , C_ID , E_ID , SYSDATE, P_WEIGHT,PRICE);            EXCEPTION    WHEN NO_E THEN    dbms_output.put_line('NO SUCH A EMPLOYEE');      WHEN NO_P THEN    dbms_output.put_line('NO SUCH A PRODUCT');      WHEN NO_C THEN    dbms_output.put_line('NO SUCH A CUSTOMER');     WHEN OTHERS THEN    dbms_output.put_line(SQLERRM);END;-------2.PROCEDURE------------------------------------------------------------------------------------------------------------CREATE OR REPLACE PROCEDURE PRINT_CRYSTAL(CLX IN PRODUCTS.colour%TYPE)ISCURSOR CRISTS IS SELECT PRODUCT_ID, SUPPLIER_ID, CRYSTAL_NAME, PRICE_PER_GRAM, COLOUR FROM PRODUCTS WHERE COLOUR=CLXORDER BY PRICE_PER_GRAM;CURSOR COLORS IS SELECT DISTINCT COLOUR FROM PRODUCTS;FLAG NUMBER:=0;INVALID_CLX EXCEPTION;BEGIN    FOR CR IN COLORS    LOOP        IF(CR.COLOUR=CLX) THEN            FLAG:=1;        END IF;    END LOOP;        IF(FLAG=0) THEN        RAISE INVALID_CLX;    END IF;        FOR CLS IN CRISTS    LOOP            dbms_output.put_line('ID NUMBER: '||CLS.PRODUCT_ID||' | '||'SUPPLIER ID: '||CLS.SUPPLIER_ID||' | '||'CRYSTAL NAME: '                            ||CLS.CRYSTAL_NAME||' | '||'PRICE PER GRAM: '||CLS.PRICE_PER_GRAM||' | '||'COLOUR: '||CLS.COLOUR);     END LOOP;        EXCEPTION    WHEN INVALID_CLX THEN    dbms_output.put_line('NO SUCH A COLOUR');     WHEN OTHERS THEN    dbms_output.put_line(SQLERRM);END;EXEC PRINT_CRYSTAL('Red');-------3.PROCEDURE------------------------------------------------------------------------------------------------------------CREATE OR REPLACE PROCEDURE CHANGE_EMPLOYEE_PROVISION(E_ID IN EMPLOYEES.EMPLOYEE_ID%TYPE, CHNG IN EMPLOYEES.PROVISION%TYPE)ISEMPLYEES_AMOUNT NUMBER:=0;EMPLOYEES_ALL_EARN NUMBER:=0;EMPS_AVG NUMBER:=0;FLAG NUMBER:=0;CURSOR EMPS IS SELECT EMPLOYEE_ID FROM EMPLOYEES;OLD_PROOV EMPLOYEES.PROVISION%TYPE:=0;NEW_PROOV EMPLOYEES.PROVISION%TYPE:=0;WRONG_ID EXCEPTION;WRONG_CHNG EXCEPTION;BEGIN        FOR ELS IN EMPS    LOOP        IF(ELS.EMPLOYEE_ID=E_ID) THEN            FLAG:=1;        END IF;    END LOOP;        IF(FLAG=0) THEN        RAISE WRONG_ID;    END IF;        IF( CHNG>30 OR CHNG< -30 ) THEN        RAISE WRONG_CHNG;    END IF;        SELECT PROVISION INTO OLD_PROOV FROM EMPLOYEES WHERE EMPLOYEE_ID=E_ID;        NEW_PROOV:=OLD_PROOV + CHNG;        UPDATE EMPLOYEES    SET PROVISION = NEW_PROOV    WHERE EMPLOYEE_ID = E_ID;        FOR EMP IN EMPS    LOOP        EMPLYEES_AMOUNT:=EMPLYEES_AMOUNT+1;        EMPLOYEES_ALL_EARN:=EMPLOYEES_ALL_EARN + emp_income(EMP.EMPLOYEE_ID);    END LOOP;        EMPS_AVG:=EMPLOYEES_ALL_EARN / EMPLYEES_AMOUNT;        IF( emp_income(E_ID) > EMPS_AVG ) THEN        dbms_output.put_line('EMPLOYEE INCOME GREATER THAN AVERAGE');    END IF;        EXCEPTION    WHEN WRONG_ID THEN    dbms_output.put_line('NO SUCH EMPLOYEE');     WHEN WRONG_CHNG THEN    dbms_output.put_line('INVALID PROVISION CHANGE DATA');     WHEN OTHERS THEN    dbms_output.put_line(SQLERRM);    END;-----------------------------------------------------------------------------------------------------------------------------------------------------------------------------------------------------------------------------------------------------------------------------------------------------------------------------QUERIES------------------------------------------------------------------------------------------------------------------------------------------------------------------------------------------------------------------------------------------------------------------------------------------------------------------------------ 1 List how many different crystals of each colour areSELECT colour, COUNT(product_id) as AMOUNT FROM productsGROUP BY colour;-- 2 List supplier(s) that provide the most expensive product (print product name and price per gram)SELECT suppliers.supplier_name, products.crystal_name, products.price_per_gram FROM suppliersJOIN products ON suppliers.supplier_id = products.supplier_idWHERE products.price_per_gram = (SELECT MAX(price_per_gram) FROM products);-- 3 List the cheapest and the most expensive crystal(s) for each colourSELECT product_id, crystal_name, price_per_gram, colour FROM products p1WHERE p1.price_per_gram =     (SELECT MIN(price_per_gram) FROM products p2 WHERE p2.colour = p1.colour) OR price_per_gram =     (SELECT MAX(price_per_gram) FROM products p2 WHERE p2.colour = p1.colour)ORDER BY colour ASC, price_per_gram ASC;-- 4 List crystal that is the most expensive from crystals that are cheaper than the average (exact average included)SELECT product_id, crystal_name, price_per_gram, colour FROM productsWHERE price_per_gram <= (SELECT AVG(price_per_gram) FROM products)ORDER BY price_per_gram DESCFETCH FIRST 1 ROW ONLY;-- 5 List average, maximal and minimal order price for each customerSELECT customer_id, MAX(price) AS MAX_ORDER, MIN(price) AS MIN_ORDER, ROUND(AVG(price),1) AS AVG_ORDER FROM ordersGROUP BY customer_id ORDER BY customer_id;-- 6 List total sales of employees and their provision, calculate income (Use Function 2) SELECT employee_id,         (SELECT SUM(price) FROM orders WHERE orders.employee_id = employees.employee_id) AS TOTAL_SALES,         provision,         emp_income(employee_id) AS INCOME FROM employees;-- 7 List non-premium customer(s) who has the most expensive order --(MAY NOT WORK IF MOST EXPENSIVE ORDER IS MADE BY PREMIUM CUSTOMER)SELECT * FROM customersWHERE premium = 0 AND customer_id IN     (SELECT customer_id FROM orders WHERE price =         (SELECT MAX(price) FROM orders));-- 7 List non-premium customer(s) who has the most expensive order --(INNER JOIN superior)SELECT * FROM customersJOIN orders ON orders.customer_id = customers.customer_idWHERE customers.premium = 0ORDER BY orders.price DESCFETCH FIRST 1 ROWS ONLY;-- 8 List most frequently bought product (name and total weight) for each genderSELECT C1.gender, P1.crystal_name, SUM(O1.product_weight) AS TOTAL_WEIGHT FROM products P1JOIN orders O1 ON O1.product_id = P1.product_idJOIN customers C1 ON C1.customer_id = O1.customer_idHAVING ( C1.gender, P1.crystal_name, SUM(O1.product_weight) ) = (    SELECT C2.gender, P2.crystal_name, SUM(O2.product_weight) AS TOTAL_WEIGHT FROM products P2    JOIN orders O2 ON O2.product_id = P2.product_id    JOIN customers C2 ON C2.customer_id = O2.customer_id    WHERE C2.gender = C1.gender    GROUP BY C2.gender, P2.crystal_name    ORDER BY TOTAL_WEIGHT DESC    FETCH FIRST 1 ROW ONLY    )GROUP BY C1.gender, P1.crystal_name;-- 9 List total price of orders for each genderSELECT customers.gender, SUM(orders.price) AS TOTAL_PRICE FROM customersJOIN orders ON customers.customer_id = orders.customer_idGROUP BY customers.gender;-- 10 List the most expensive order (product name, price (calculated by Function 1)) for each countrySELECT suppliers.supplier_country, products.crystal_name, orders.price AS BIGGEST_ORDER FROM productsJOIN orders ON orders.product_id = products.product_idJOIN suppliers ON suppliers.supplier_id = products.product_idWHERE (suppliers.supplier_country, orders.price) IN    (    SELECT suppliers.supplier_country, MAX(orders.price) AS BIGGEST_ORDER FROM products    JOIN orders ON orders.product_id = products.product_id    JOIN suppliers ON suppliers.supplier_id = products.product_id    GROUP BY suppliers.supplier_country); -----------------------------------------------------------------------------------------------------------------------------------------------------------------------------------------------------------------------------------------------------------------------------------------------------------------------------TRIGERS------------------------------------------------------------------------------------------------------------------------------------------------------------------------------------------------------------------------------------------------------------------------------------------------------------------------------ 1 After adding orders if the customer made 3rd order make them premiumCREATE OR REPLACE TRIGGER premium_customerBEFORE INSERT ON orders FOR EACH ROWDECLARE    orders_amount number;BEGIN    SELECT COUNT(order_id) INTO orders_amount FROM orders WHERE customer_id = :NEW.customer_id;        IF orders_amount = 2 THEN        UPDATE customers        SET premium = 1 WHERE customer_id = :NEW.customer_id;    END IF;END;        -- 2 Prevent setting (both while adding and modifying) employee commission under 5% or above 30% CREATE OR REPLACE TRIGGER provision_checkBEFORE UPDATE OR INSERT ON employees FOR EACH ROWBEGIN        IF :NEW.provision < 5 THEN        RAISE_APPLICATION_ERROR(-20000, 'Provision too low');    END IF;        IF :NEW.provision > 30 THEN        RAISE_APPLICATION_ERROR(-20000, 'Provision too high');    END IF;END;        SELECT * FROM PRODUCTS-- TRIGGER 3 -----------------------------------------------------------------------------CREATE OR REPLACE TRIGGER SUPPLIER_PRODUCTS_CHECKBEFORE DELETE ON SUPPLIERS FOR EACH ROWDECLARECURSOR PRODUCTS IS SELECT CRYSTAL_NAME FROM PRODUCTS WHERE SUPPLIER_ID = :OLD.SUPPLIER_ID;CURSOR PRODS IS SELECT SUPPLIER_ID FROM PRODUCTS;AMOUNT NUMBER:=0;BEGIN            FOR PR IN PRODS    LOOP        IF(PR.SUPPLIER_ID = :OLD.SUPPLIER_ID) THEN            AMOUNT:=AMOUNT+1;        END IF;    END LOOP;        IF ( AMOUNT=0 ) THEN        dbms_output.put_line('SUPPLIER HAS PRODUCTS:');                 FOR UCTS IN PRODUCTS        LOOP            dbms_output.put_line(UCTS.CRYSTAL_NAME);         END LOOP;                RAISE_APPLICATION_ERROR(-20000, ' SO DELETING SUPPLIER IS IMPOSSIBLE');    ELSE            dbms_output.put_line('SUPPLIER DELETED');     END IF;    END;-----------------------------------------------------------------------------------------------------------------------------------------------------------------------------------------------------------------------------------------------------------------------------------------------------------------------------PACKAGE---------------------------------------------------------------------------------------------------------------------------------------------------------------------------------------------------------------------------------------------------------------------------------------------------------------------------------------------------------------------------------------------------------------------------------------------------------------------------------------------------------------------------------------------------------------------------------------------------------------------------------------------OTHER CRUCIAL FUNCTIONS LIKE SEQUENCE----------------------------------------------------------------------------------------------------------------------------------------------------------------------------------------------------------------------------------------------------------------------------------------------------------CREATE SEQUENCE ORDERS_SEQ    START WITH 51    INCREMENT BY 1    NOMAXVALUE    NOCYCLE    CACHE 20;SELECT * FROM EMPLOYEES;SELECT * FROM PRODUCTS;SELECT * FROM SUPPLIERS;SELECT * FROM CUSTOMERS;SELECT * FROM ORDERS;SET SERVEROUTPUT ON;drop table ORDERS;drop table PRODUCTS;drop table SUPPLIERS;drop table CUSTOMERS;drop table EMPLOYEES;